Sample,Time,Decoder,Ann Row,Ann Class,Value,
249186,2.492 ms,SPI,MOSI data,MOSI data,2A,
249602,2.496 ms,SPI,MOSI data,MOSI data,00,
249986,2.500 ms,SPI,MOSI data,MOSI data,32,
250402,2.504 ms,SPI,MOSI data,MOSI data,00,
250786,2.508 ms,SPI,MOSI data,MOSI data,39,
251202,2.512 ms,SPI,MOSI data,MOSI data,2B,
251618,2.516 ms,SPI,MOSI data,MOSI data,00,
252002,2.520 ms,SPI,MOSI data,MOSI data,32,
252418,2.524 ms,SPI,MOSI data,MOSI data,00,
252802,2.528 ms,SPI,MOSI data,MOSI data,39,
253218,2.532 ms,SPI,MOSI data,MOSI data,2C,
253746,2.537 ms,SPI,MOSI data,MOSI data,FF,
254002,2.540 ms,SPI,MOSI data,MOSI data,E0,
254258,2.543 ms,SPI,MOSI data,MOSI data,FF,
254514,2.545 ms,SPI,MOSI data,MOSI data,E0,
254770,2.548 ms,SPI,MOSI data,MOSI data,FF,
255026,2.550 ms,SPI,MOSI data,MOSI data,E0,
255282,2.553 ms,SPI,MOSI data,MOSI data,FF,
255538,2.555 ms,SPI,MOSI data,MOSI data,E0,
255794,2.558 ms,SPI,MOSI data,MOSI data,FF,
256050,2.560 ms,SPI,MOSI data,MOSI data,E0,
256306,2.563 ms,SPI,MOSI data,MOSI data,F8,
256562,2.566 ms,SPI,MOSI data,MOSI data,00,
256818,2.568 ms,SPI,MOSI data,MOSI data,F8,
257074,2.571 ms,SPI,MOSI data,MOSI data,00,
257330,2.573 ms,SPI,MOSI data,MOSI data,F8,
257586,2.576 ms,SPI,MOSI data,MOSI data,00,
257842,2.578 ms,SPI,MOSI data,MOSI data,F8,
258098,2.581 ms,SPI,MOSI data,MOSI data,00,
258354,2.584 ms,SPI,MOSI data,MOSI data,F8,
258610,2.586 ms,SPI,MOSI data,MOSI data,00,
258866,2.589 ms,SPI,MOSI data,MOSI data,F8,
259122,2.591 ms,SPI,MOSI data,MOSI data,00,
259378,2.594 ms,SPI,MOSI data,MOSI data,F8,
259634,2.596 ms,SPI,MOSI data,MOSI data,00,
259890,2.599 ms,SPI,MOSI data,MOSI data,F8,
260146,2.601 ms,SPI,MOSI data,MOSI data,00,
260402,2.604 ms,SPI,MOSI data,MOSI data,F8,
260658,2.607 ms,SPI,MOSI data,MOSI data,00,
260914,2.609 ms,SPI,MOSI data,MOSI data,F8,
261170,2.612 ms,SPI,MOSI data,MOSI data,00,
261426,2.614 ms,SPI,MOSI data,MOSI data,F8,
261682,2.617 ms,SPI,MOSI data,MOSI data,00,
261938,2.619 ms,SPI,MOSI data,MOSI data,F8,
262194,2.622 ms,SPI,MOSI data,MOSI data,00,
262450,2.625 ms,SPI,MOSI data,MOSI data,F8,
262706,2.627 ms,SPI,MOSI data,MOSI data,00,
262962,2.630 ms,SPI,MOSI data,MOSI data,F8,
263218,2.632 ms,SPI,MOSI data,MOSI data,00,
263474,2.635 ms,SPI,MOSI data,MOSI data,F8,
263730,2.637 ms,SPI,MOSI data,MOSI data,00,
263986,2.640 ms,SPI,MOSI data,MOSI data,F8,
264242,2.642 ms,SPI,MOSI data,MOSI data,00,
264498,2.645 ms,SPI,MOSI data,MOSI data,F8,
264754,2.648 ms,SPI,MOSI data,MOSI data,00,
265010,2.650 ms,SPI,MOSI data,MOSI data,F8,
265266,2.653 ms,SPI,MOSI data,MOSI data,00,
265522,2.655 ms,SPI,MOSI data,MOSI data,F8,
265778,2.658 ms,SPI,MOSI data,MOSI data,00,
266034,2.660 ms,SPI,MOSI data,MOSI data,F8,
266290,2.663 ms,SPI,MOSI data,MOSI data,00,
266546,2.665 ms,SPI,MOSI data,MOSI data,F8,
266802,2.668 ms,SPI,MOSI data,MOSI data,00,
267058,2.671 ms,SPI,MOSI data,MOSI data,F8,
267314,2.673 ms,SPI,MOSI data,MOSI data,00,
267570,2.676 ms,SPI,MOSI data,MOSI data,F8,
267826,2.678 ms,SPI,MOSI data,MOSI data,00,
268082,2.681 ms,SPI,MOSI data,MOSI data,F8,
268338,2.683 ms,SPI,MOSI data,MOSI data,00,
268594,2.686 ms,SPI,MOSI data,MOSI data,F8,
268850,2.688 ms,SPI,MOSI data,MOSI data,00,
269106,2.691 ms,SPI,MOSI data,MOSI data,F8,
269362,2.694 ms,SPI,MOSI data,MOSI data,00,
269618,2.696 ms,SPI,MOSI data,MOSI data,F8,
269874,2.699 ms,SPI,MOSI data,MOSI data,00,
270130,2.701 ms,SPI,MOSI data,MOSI data,F8,
270386,2.704 ms,SPI,MOSI data,MOSI data,00,
270642,2.706 ms,SPI,MOSI data,MOSI data,F8,
270898,2.709 ms,SPI,MOSI data,MOSI data,00,
271154,2.712 ms,SPI,MOSI data,MOSI data,F8,
271410,2.714 ms,SPI,MOSI data,MOSI data,00,
271666,2.717 ms,SPI,MOSI data,MOSI data,F8,
271922,2.719 ms,SPI,MOSI data,MOSI data,00,
272178,2.722 ms,SPI,MOSI data,MOSI data,F8,
272434,2.724 ms,SPI,MOSI data,MOSI data,00,
272690,2.727 ms,SPI,MOSI data,MOSI data,F8,
272946,2.729 ms,SPI,MOSI data,MOSI data,00,
273202,2.732 ms,SPI,MOSI data,MOSI data,F8,
273458,2.735 ms,SPI,MOSI data,MOSI data,00,
273714,2.737 ms,SPI,MOSI data,MOSI data,F8,
273970,2.740 ms,SPI,MOSI data,MOSI data,00,
274226,2.742 ms,SPI,MOSI data,MOSI data,F8,
274482,2.745 ms,SPI,MOSI data,MOSI data,00,
274738,2.747 ms,SPI,MOSI data,MOSI data,F8,
274994,2.750 ms,SPI,MOSI data,MOSI data,00,
275250,2.753 ms,SPI,MOSI data,MOSI data,F8,
275506,2.755 ms,SPI,MOSI data,MOSI data,00,
275762,2.758 ms,SPI,MOSI data,MOSI data,F8,
276018,2.760 ms,SPI,MOSI data,MOSI data,00,
276274,2.763 ms,SPI,MOSI data,MOSI data,F8,
276530,2.765 ms,SPI,MOSI data,MOSI data,00,
276786,2.768 ms,SPI,MOSI data,MOSI data,F8,
277042,2.770 ms,SPI,MOSI data,MOSI data,00,
277298,2.773 ms,SPI,MOSI data,MOSI data,F8,
277554,2.776 ms,SPI,MOSI data,MOSI data,00,
277810,2.778 ms,SPI,MOSI data,MOSI data,F8,
278066,2.781 ms,SPI,MOSI data,MOSI data,00,
278322,2.783 ms,SPI,MOSI data,MOSI data,F8,
278578,2.786 ms,SPI,MOSI data,MOSI data,00,
278834,2.788 ms,SPI,MOSI data,MOSI data,F8,
279090,2.791 ms,SPI,MOSI data,MOSI data,00,
279346,2.793 ms,SPI,MOSI data,MOSI data,F8,
279602,2.796 ms,SPI,MOSI data,MOSI data,00,
279858,2.799 ms,SPI,MOSI data,MOSI data,F8,
280114,2.801 ms,SPI,MOSI data,MOSI data,00,
280370,2.804 ms,SPI,MOSI data,MOSI data,F8,
280626,2.806 ms,SPI,MOSI data,MOSI data,00,
280882,2.809 ms,SPI,MOSI data,MOSI data,F8,
281138,2.811 ms,SPI,MOSI data,MOSI data,00,
281394,2.814 ms,SPI,MOSI data,MOSI data,F8,
281650,2.816 ms,SPI,MOSI data,MOSI data,00,
281906,2.819 ms,SPI,MOSI data,MOSI data,F8,
282162,2.822 ms,SPI,MOSI data,MOSI data,00,
282418,2.824 ms,SPI,MOSI data,MOSI data,F8,
282674,2.827 ms,SPI,MOSI data,MOSI data,00,
282930,2.829 ms,SPI,MOSI data,MOSI data,F8,
283186,2.832 ms,SPI,MOSI data,MOSI data,00,
283442,2.834 ms,SPI,MOSI data,MOSI data,F8,
283698,2.837 ms,SPI,MOSI data,MOSI data,00,
283954,2.840 ms,SPI,MOSI data,MOSI data,F8,
284210,2.842 ms,SPI,MOSI data,MOSI data,00,
284466,2.845 ms,SPI,MOSI data,MOSI data,F8,
284722,2.847 ms,SPI,MOSI data,MOSI data,00,
284978,2.850 ms,SPI,MOSI data,MOSI data,F8,
285234,2.852 ms,SPI,MOSI data,MOSI data,00,
285726,2.857 ms,SPI,MOSI data,MOSI data,2A,
286142,2.861 ms,SPI,MOSI data,MOSI data,00,
286526,2.865 ms,SPI,MOSI data,MOSI data,5A,
286942,2.869 ms,SPI,MOSI data,MOSI data,00,
287326,2.873 ms,SPI,MOSI data,MOSI data,61,
287742,2.877 ms,SPI,MOSI data,MOSI data,2B,
288158,2.882 ms,SPI,MOSI data,MOSI data,00,
288542,2.885 ms,SPI,MOSI data,MOSI data,5A,
288958,2.890 ms,SPI,MOSI data,MOSI data,00,
289342,2.893 ms,SPI,MOSI data,MOSI data,61,
289758,2.898 ms,SPI,MOSI data,MOSI data,2C,
290283,2.903 ms,SPI,MOSI data,MOSI data,F8,
290539,2.905 ms,SPI,MOSI data,MOSI data,00,
290795,2.908 ms,SPI,MOSI data,MOSI data,F8,
291051,2.911 ms,SPI,MOSI data,MOSI data,00,
291307,2.913 ms,SPI,MOSI data,MOSI data,F8,
291563,2.916 ms,SPI,MOSI data,MOSI data,00,
291819,2.918 ms,SPI,MOSI data,MOSI data,F8,
292075,2.921 ms,SPI,MOSI data,MOSI data,00,
292331,2.923 ms,SPI,MOSI data,MOSI data,00,
292587,2.926 ms,SPI,MOSI data,MOSI data,1F,
292843,2.928 ms,SPI,MOSI data,MOSI data,00,
293099,2.931 ms,SPI,MOSI data,MOSI data,1F,
293355,2.934 ms,SPI,MOSI data,MOSI data,00,
293611,2.936 ms,SPI,MOSI data,MOSI data,1F,
293867,2.939 ms,SPI,MOSI data,MOSI data,00,
294123,2.941 ms,SPI,MOSI data,MOSI data,1F,
294379,2.944 ms,SPI,MOSI data,MOSI data,00,
294635,2.946 ms,SPI,MOSI data,MOSI data,1F,
294891,2.949 ms,SPI,MOSI data,MOSI data,00,
295147,2.951 ms,SPI,MOSI data,MOSI data,1F,
295403,2.954 ms,SPI,MOSI data,MOSI data,00,
295659,2.957 ms,SPI,MOSI data,MOSI data,1F,
295915,2.959 ms,SPI,MOSI data,MOSI data,00,
296171,2.962 ms,SPI,MOSI data,MOSI data,1F,
296427,2.964 ms,SPI,MOSI data,MOSI data,00,
296683,2.967 ms,SPI,MOSI data,MOSI data,1F,
296939,2.969 ms,SPI,MOSI data,MOSI data,00,
297195,2.972 ms,SPI,MOSI data,MOSI data,1F,
297451,2.975 ms,SPI,MOSI data,MOSI data,00,
297707,2.977 ms,SPI,MOSI data,MOSI data,1F,
297963,2.980 ms,SPI,MOSI data,MOSI data,00,
298219,2.982 ms,SPI,MOSI data,MOSI data,1F,
298475,2.985 ms,SPI,MOSI data,MOSI data,00,
298731,2.987 ms,SPI,MOSI data,MOSI data,1F,
298987,2.990 ms,SPI,MOSI data,MOSI data,00,
299243,2.992 ms,SPI,MOSI data,MOSI data,1F,
299499,2.995 ms,SPI,MOSI data,MOSI data,00,
299755,2.998 ms,SPI,MOSI data,MOSI data,1F,
300011,3.000 ms,SPI,MOSI data,MOSI data,00,
300267,3.003 ms,SPI,MOSI data,MOSI data,1F,
300523,3.005 ms,SPI,MOSI data,MOSI data,00,
300779,3.008 ms,SPI,MOSI data,MOSI data,1F,
301035,3.010 ms,SPI,MOSI data,MOSI data,00,
301291,3.013 ms,SPI,MOSI data,MOSI data,1F,
301547,3.015 ms,SPI,MOSI data,MOSI data,00,
301803,3.018 ms,SPI,MOSI data,MOSI data,1F,
302059,3.021 ms,SPI,MOSI data,MOSI data,00,
302315,3.023 ms,SPI,MOSI data,MOSI data,1F,
302571,3.026 ms,SPI,MOSI data,MOSI data,00,
302827,3.028 ms,SPI,MOSI data,MOSI data,1F,
303083,3.031 ms,SPI,MOSI data,MOSI data,00,
303339,3.033 ms,SPI,MOSI data,MOSI data,1F,
303595,3.036 ms,SPI,MOSI data,MOSI data,00,
303851,3.039 ms,SPI,MOSI data,MOSI data,1F,
304107,3.041 ms,SPI,MOSI data,MOSI data,00,
304363,3.044 ms,SPI,MOSI data,MOSI data,1F,
304619,3.046 ms,SPI,MOSI data,MOSI data,00,
304875,3.049 ms,SPI,MOSI data,MOSI data,1F,
305131,3.051 ms,SPI,MOSI data,MOSI data,00,
305387,3.054 ms,SPI,MOSI data,MOSI data,1F,
305643,3.056 ms,SPI,MOSI data,MOSI data,00,
305899,3.059 ms,SPI,MOSI data,MOSI data,1F,
306155,3.062 ms,SPI,MOSI data,MOSI data,00,
306411,3.064 ms,SPI,MOSI data,MOSI data,1F,
306667,3.067 ms,SPI,MOSI data,MOSI data,00,
306923,3.069 ms,SPI,MOSI data,MOSI data,1F,
307179,3.072 ms,SPI,MOSI data,MOSI data,00,
307435,3.074 ms,SPI,MOSI data,MOSI data,1F,
307691,3.077 ms,SPI,MOSI data,MOSI data,00,
307947,3.079 ms,SPI,MOSI data,MOSI data,1F,
308203,3.082 ms,SPI,MOSI data,MOSI data,00,
308459,3.085 ms,SPI,MOSI data,MOSI data,1F,
308715,3.087 ms,SPI,MOSI data,MOSI data,00,
308971,3.090 ms,SPI,MOSI data,MOSI data,1F,
309227,3.092 ms,SPI,MOSI data,MOSI data,00,
309483,3.095 ms,SPI,MOSI data,MOSI data,1F,
309739,3.097 ms,SPI,MOSI data,MOSI data,00,
309995,3.100 ms,SPI,MOSI data,MOSI data,1F,
310251,3.103 ms,SPI,MOSI data,MOSI data,00,
310507,3.105 ms,SPI,MOSI data,MOSI data,1F,
310763,3.108 ms,SPI,MOSI data,MOSI data,00,
311019,3.110 ms,SPI,MOSI data,MOSI data,1F,
311275,3.113 ms,SPI,MOSI data,MOSI data,00,
311531,3.115 ms,SPI,MOSI data,MOSI data,1F,
311787,3.118 ms,SPI,MOSI data,MOSI data,00,
312043,3.120 ms,SPI,MOSI data,MOSI data,1F,
312299,3.123 ms,SPI,MOSI data,MOSI data,00,
312555,3.126 ms,SPI,MOSI data,MOSI data,1F,
312811,3.128 ms,SPI,MOSI data,MOSI data,00,
313067,3.131 ms,SPI,MOSI data,MOSI data,1F,
313323,3.133 ms,SPI,MOSI data,MOSI data,00,
313579,3.136 ms,SPI,MOSI data,MOSI data,1F,
313835,3.138 ms,SPI,MOSI data,MOSI data,00,
314091,3.141 ms,SPI,MOSI data,MOSI data,1F,
314347,3.143 ms,SPI,MOSI data,MOSI data,00,
314603,3.146 ms,SPI,MOSI data,MOSI data,1F,
314859,3.149 ms,SPI,MOSI data,MOSI data,00,
315115,3.151 ms,SPI,MOSI data,MOSI data,1F,
315371,3.154 ms,SPI,MOSI data,MOSI data,00,
315627,3.156 ms,SPI,MOSI data,MOSI data,1F,
315883,3.159 ms,SPI,MOSI data,MOSI data,00,
316139,3.161 ms,SPI,MOSI data,MOSI data,1F,
316395,3.164 ms,SPI,MOSI data,MOSI data,00,
316651,3.167 ms,SPI,MOSI data,MOSI data,1F,
316907,3.169 ms,SPI,MOSI data,MOSI data,00,
317163,3.172 ms,SPI,MOSI data,MOSI data,1F,
317419,3.174 ms,SPI,MOSI data,MOSI data,00,
317675,3.177 ms,SPI,MOSI data,MOSI data,1F,
317931,3.179 ms,SPI,MOSI data,MOSI data,00,
318187,3.182 ms,SPI,MOSI data,MOSI data,1F,
318443,3.184 ms,SPI,MOSI data,MOSI data,00,
318699,3.187 ms,SPI,MOSI data,MOSI data,1F,
318955,3.190 ms,SPI,MOSI data,MOSI data,00,
319211,3.192 ms,SPI,MOSI data,MOSI data,1F,
319467,3.195 ms,SPI,MOSI data,MOSI data,00,
319723,3.197 ms,SPI,MOSI data,MOSI data,1F,
319979,3.200 ms,SPI,MOSI data,MOSI data,00,
320235,3.202 ms,SPI,MOSI data,MOSI data,1F,
320491,3.205 ms,SPI,MOSI data,MOSI data,00,
320747,3.207 ms,SPI,MOSI data,MOSI data,1F,
321003,3.210 ms,SPI,MOSI data,MOSI data,00,
321259,3.213 ms,SPI,MOSI data,MOSI data,1F,
321515,3.215 ms,SPI,MOSI data,MOSI data,00,
321771,3.218 ms,SPI,MOSI data,MOSI data,1F,
322258,3.223 ms,SPI,MOSI data,MOSI data,2A,
322674,3.227 ms,SPI,MOSI data,MOSI data,00,
323058,3.231 ms,SPI,MOSI data,MOSI data,82,
323474,3.235 ms,SPI,MOSI data,MOSI data,00,
323858,3.239 ms,SPI,MOSI data,MOSI data,89,
324274,3.243 ms,SPI,MOSI data,MOSI data,2B,
324690,3.247 ms,SPI,MOSI data,MOSI data,00,
325074,3.251 ms,SPI,MOSI data,MOSI data,82,
325490,3.255 ms,SPI,MOSI data,MOSI data,00,
325874,3.259 ms,SPI,MOSI data,MOSI data,89,
326290,3.263 ms,SPI,MOSI data,MOSI data,2C,
326809,3.268 ms,SPI,MOSI data,MOSI data,00,
327065,3.271 ms,SPI,MOSI data,MOSI data,1F,
327321,3.273 ms,SPI,MOSI data,MOSI data,00,
327577,3.276 ms,SPI,MOSI data,MOSI data,1F,
327833,3.278 ms,SPI,MOSI data,MOSI data,00,
328089,3.281 ms,SPI,MOSI data,MOSI data,1F,
328345,3.283 ms,SPI,MOSI data,MOSI data,00,
328601,3.286 ms,SPI,MOSI data,MOSI data,1F,
328857,3.289 ms,SPI,MOSI data,MOSI data,07,
329113,3.291 ms,SPI,MOSI data,MOSI data,E0,
329369,3.294 ms,SPI,MOSI data,MOSI data,07,
329625,3.296 ms,SPI,MOSI data,MOSI data,E0,
329881,3.299 ms,SPI,MOSI data,MOSI data,07,
330137,3.301 ms,SPI,MOSI data,MOSI data,E0,
330393,3.304 ms,SPI,MOSI data,MOSI data,07,
330649,3.306 ms,SPI,MOSI data,MOSI data,E0,
330905,3.309 ms,SPI,MOSI data,MOSI data,07,
331161,3.312 ms,SPI,MOSI data,MOSI data,E0,
331417,3.314 ms,SPI,MOSI data,MOSI data,07,
331673,3.317 ms,SPI,MOSI data,MOSI data,E0,
331929,3.319 ms,SPI,MOSI data,MOSI data,07,
332185,3.322 ms,SPI,MOSI data,MOSI data,E0,
332441,3.324 ms,SPI,MOSI data,MOSI data,07,
332697,3.327 ms,SPI,MOSI data,MOSI data,E0,
332953,3.330 ms,SPI,MOSI data,MOSI data,07,
333209,3.332 ms,SPI,MOSI data,MOSI data,E0,
333465,3.335 ms,SPI,MOSI data,MOSI data,07,
333721,3.337 ms,SPI,MOSI data,MOSI data,E0,
333977,3.340 ms,SPI,MOSI data,MOSI data,07,
334233,3.342 ms,SPI,MOSI data,MOSI data,E0,
334489,3.345 ms,SPI,MOSI data,MOSI data,07,
334745,3.347 ms,SPI,MOSI data,MOSI data,E0,
335001,3.350 ms,SPI,MOSI data,MOSI data,07,
335257,3.353 ms,SPI,MOSI data,MOSI data,E0,
335513,3.355 ms,SPI,MOSI data,MOSI data,07,
335769,3.358 ms,SPI,MOSI data,MOSI data,E0,
336025,3.360 ms,SPI,MOSI data,MOSI data,07,
336281,3.363 ms,SPI,MOSI data,MOSI data,E0,
336537,3.365 ms,SPI,MOSI data,MOSI data,07,
336793,3.368 ms,SPI,MOSI data,MOSI data,E0,
337049,3.370 ms,SPI,MOSI data,MOSI data,07,
337305,3.373 ms,SPI,MOSI data,MOSI data,E0,
337561,3.376 ms,SPI,MOSI data,MOSI data,07,
337817,3.378 ms,SPI,MOSI data,MOSI data,E0,
338073,3.381 ms,SPI,MOSI data,MOSI data,07,
338329,3.383 ms,SPI,MOSI data,MOSI data,E0,
338585,3.386 ms,SPI,MOSI data,MOSI data,07,
338841,3.388 ms,SPI,MOSI data,MOSI data,E0,
339097,3.391 ms,SPI,MOSI data,MOSI data,07,
339353,3.394 ms,SPI,MOSI data,MOSI data,E0,
339609,3.396 ms,SPI,MOSI data,MOSI data,07,
339865,3.399 ms,SPI,MOSI data,MOSI data,E0,
340121,3.401 ms,SPI,MOSI data,MOSI data,07,
340377,3.404 ms,SPI,MOSI data,MOSI data,E0,
340633,3.406 ms,SPI,MOSI data,MOSI data,07,
340889,3.409 ms,SPI,MOSI data,MOSI data,E0,
341145,3.411 ms,SPI,MOSI data,MOSI data,07,
341401,3.414 ms,SPI,MOSI data,MOSI data,E0,
341657,3.417 ms,SPI,MOSI data,MOSI data,07,
341913,3.419 ms,SPI,MOSI data,MOSI data,E0,
342169,3.422 ms,SPI,MOSI data,MOSI data,07,
342425,3.424 ms,SPI,MOSI data,MOSI data,E0,
342681,3.427 ms,SPI,MOSI data,MOSI data,07,
342937,3.429 ms,SPI,MOSI data,MOSI data,E0,
343193,3.432 ms,SPI,MOSI data,MOSI data,07,
343449,3.434 ms,SPI,MOSI data,MOSI data,E0,
343705,3.437 ms,SPI,MOSI data,MOSI data,07,
343961,3.440 ms,SPI,MOSI data,MOSI data,E0,
344217,3.442 ms,SPI,MOSI data,MOSI data,07,
344473,3.445 ms,SPI,MOSI data,MOSI data,E0,
344729,3.447 ms,SPI,MOSI data,MOSI data,07,
344985,3.450 ms,SPI,MOSI data,MOSI data,E0,
345241,3.452 ms,SPI,MOSI data,MOSI data,07,
345497,3.455 ms,SPI,MOSI data,MOSI data,E0,
345753,3.458 ms,SPI,MOSI data,MOSI data,07,
346009,3.460 ms,SPI,MOSI data,MOSI data,E0,
346265,3.463 ms,SPI,MOSI data,MOSI data,07,
346521,3.465 ms,SPI,MOSI data,MOSI data,E0,
346777,3.468 ms,SPI,MOSI data,MOSI data,07,
347033,3.470 ms,SPI,MOSI data,MOSI data,E0,
347289,3.473 ms,SPI,MOSI data,MOSI data,07,
347545,3.475 ms,SPI,MOSI data,MOSI data,E0,
347801,3.478 ms,SPI,MOSI data,MOSI data,07,
348057,3.481 ms,SPI,MOSI data,MOSI data,E0,
348313,3.483 ms,SPI,MOSI data,MOSI data,07,
348569,3.486 ms,SPI,MOSI data,MOSI data,E0,
348825,3.488 ms,SPI,MOSI data,MOSI data,07,
349081,3.491 ms,SPI,MOSI data,MOSI data,E0,
349337,3.493 ms,SPI,MOSI data,MOSI data,07,
349593,3.496 ms,SPI,MOSI data,MOSI data,E0,
349849,3.498 ms,SPI,MOSI data,MOSI data,07,
350105,3.501 ms,SPI,MOSI data,MOSI data,E0,
350361,3.504 ms,SPI,MOSI data,MOSI data,07,
350617,3.506 ms,SPI,MOSI data,MOSI data,E0,
350873,3.509 ms,SPI,MOSI data,MOSI data,07,
351129,3.511 ms,SPI,MOSI data,MOSI data,E0,
351385,3.514 ms,SPI,MOSI data,MOSI data,07,
351641,3.516 ms,SPI,MOSI data,MOSI data,E0,
351897,3.519 ms,SPI,MOSI data,MOSI data,07,
352153,3.522 ms,SPI,MOSI data,MOSI data,E0,
352409,3.524 ms,SPI,MOSI data,MOSI data,07,
352665,3.527 ms,SPI,MOSI data,MOSI data,E0,
352921,3.529 ms,SPI,MOSI data,MOSI data,07,
353177,3.532 ms,SPI,MOSI data,MOSI data,E0,
353433,3.534 ms,SPI,MOSI data,MOSI data,07,
353689,3.537 ms,SPI,MOSI data,MOSI data,E0,
353945,3.539 ms,SPI,MOSI data,MOSI data,07,
354201,3.542 ms,SPI,MOSI data,MOSI data,E0,
354457,3.545 ms,SPI,MOSI data,MOSI data,07,
354713,3.547 ms,SPI,MOSI data,MOSI data,E0,
354969,3.550 ms,SPI,MOSI data,MOSI data,07,
355225,3.552 ms,SPI,MOSI data,MOSI data,E0,
355481,3.555 ms,SPI,MOSI data,MOSI data,07,
355737,3.557 ms,SPI,MOSI data,MOSI data,E0,
355993,3.560 ms,SPI,MOSI data,MOSI data,07,
356249,3.562 ms,SPI,MOSI data,MOSI data,E0,
356505,3.565 ms,SPI,MOSI data,MOSI data,07,
356761,3.568 ms,SPI,MOSI data,MOSI data,E0,
357017,3.570 ms,SPI,MOSI data,MOSI data,07,
357273,3.573 ms,SPI,MOSI data,MOSI data,E0,
357529,3.575 ms,SPI,MOSI data,MOSI data,07,
357785,3.578 ms,SPI,MOSI data,MOSI data,E0,
358041,3.580 ms,SPI,MOSI data,MOSI data,07,
358297,3.583 ms,SPI,MOSI data,MOSI data,E0,
358553,3.586 ms,SPI,MOSI data,MOSI data,07,
358809,3.588 ms,SPI,MOSI data,MOSI data,E0,
359297,3.593 ms,SPI,MOSI data,MOSI data,2A,
359713,3.597 ms,SPI,MOSI data,MOSI data,00,
360097,3.601 ms,SPI,MOSI data,MOSI data,AA,
360513,3.605 ms,SPI,MOSI data,MOSI data,00,
360897,3.609 ms,SPI,MOSI data,MOSI data,B1,
361313,3.613 ms,SPI,MOSI data,MOSI data,2B,
361729,3.617 ms,SPI,MOSI data,MOSI data,00,
362113,3.621 ms,SPI,MOSI data,MOSI data,AA,
362529,3.625 ms,SPI,MOSI data,MOSI data,00,
362913,3.629 ms,SPI,MOSI data,MOSI data,B1,
363329,3.633 ms,SPI,MOSI data,MOSI data,2C,
363850,3.638 ms,SPI,MOSI data,MOSI data,07,
364106,3.641 ms,SPI,MOSI data,MOSI data,E0,
364362,3.644 ms,SPI,MOSI data,MOSI data,07,
364618,3.646 ms,SPI,MOSI data,MOSI data,E0,
364874,3.649 ms,SPI,MOSI data,MOSI data,07,
365130,3.651 ms,SPI,MOSI data,MOSI data,E0,
365386,3.654 ms,SPI,MOSI data,MOSI data,07,
365642,3.656 ms,SPI,MOSI data,MOSI data,E0,
365898,3.659 ms,SPI,MOSI data,MOSI data,07,
366154,3.662 ms,SPI,MOSI data,MOSI data,E0,
366410,3.664 ms,SPI,MOSI data,MOSI data,07,
366666,3.667 ms,SPI,MOSI data,MOSI data,E0,
366922,3.669 ms,SPI,MOSI data,MOSI data,07,
367178,3.672 ms,SPI,MOSI data,MOSI data,E0,
367434,3.674 ms,SPI,MOSI data,MOSI data,07,
367690,3.677 ms,SPI,MOSI data,MOSI data,E0,
367946,3.679 ms,SPI,MOSI data,MOSI data,07,
368202,3.682 ms,SPI,MOSI data,MOSI data,E0,
368458,3.685 ms,SPI,MOSI data,MOSI data,07,
368714,3.687 ms,SPI,MOSI data,MOSI data,E0,
368970,3.690 ms,SPI,MOSI data,MOSI data,07,
369226,3.692 ms,SPI,MOSI data,MOSI data,E0,
369482,3.695 ms,SPI,MOSI data,MOSI data,07,
369738,3.697 ms,SPI,MOSI data,MOSI data,E0,
369994,3.700 ms,SPI,MOSI data,MOSI data,07,
370250,3.703 ms,SPI,MOSI data,MOSI data,E0,
370506,3.705 ms,SPI,MOSI data,MOSI data,07,
370762,3.708 ms,SPI,MOSI data,MOSI data,E0,
371018,3.710 ms,SPI,MOSI data,MOSI data,07,
371274,3.713 ms,SPI,MOSI data,MOSI data,E0,
371530,3.715 ms,SPI,MOSI data,MOSI data,07,
371786,3.718 ms,SPI,MOSI data,MOSI data,E0,
372042,3.720 ms,SPI,MOSI data,MOSI data,07,
372298,3.723 ms,SPI,MOSI data,MOSI data,E0,
372554,3.726 ms,SPI,MOSI data,MOSI data,07,
372810,3.728 ms,SPI,MOSI data,MOSI data,E0,
373066,3.731 ms,SPI,MOSI data,MOSI data,07,
373322,3.733 ms,SPI,MOSI data,MOSI data,E0,
373578,3.736 ms,SPI,MOSI data,MOSI data,07,
373834,3.738 ms,SPI,MOSI data,MOSI data,E0,
374090,3.741 ms,SPI,MOSI data,MOSI data,07,
374346,3.743 ms,SPI,MOSI data,MOSI data,E0,
374602,3.746 ms,SPI,MOSI data,MOSI data,07,
374858,3.749 ms,SPI,MOSI data,MOSI data,E0,
375114,3.751 ms,SPI,MOSI data,MOSI data,07,
375370,3.754 ms,SPI,MOSI data,MOSI data,E0,
375626,3.756 ms,SPI,MOSI data,MOSI data,07,
375882,3.759 ms,SPI,MOSI data,MOSI data,E0,
376138,3.761 ms,SPI,MOSI data,MOSI data,07,
376394,3.764 ms,SPI,MOSI data,MOSI data,E0,
376650,3.766 ms,SPI,MOSI data,MOSI data,07,
376906,3.769 ms,SPI,MOSI data,MOSI data,E0,
377162,3.772 ms,SPI,MOSI data,MOSI data,07,
377418,3.774 ms,SPI,MOSI data,MOSI data,E0,
377674,3.777 ms,SPI,MOSI data,MOSI data,07,
377930,3.779 ms,SPI,MOSI data,MOSI data,E0,
378186,3.782 ms,SPI,MOSI data,MOSI data,07,
378442,3.784 ms,SPI,MOSI data,MOSI data,E0,
378698,3.787 ms,SPI,MOSI data,MOSI data,07,
378954,3.790 ms,SPI,MOSI data,MOSI data,E0,
379210,3.792 ms,SPI,MOSI data,MOSI data,07,
379466,3.795 ms,SPI,MOSI data,MOSI data,E0,
379722,3.797 ms,SPI,MOSI data,MOSI data,07,
379978,3.800 ms,SPI,MOSI data,MOSI data,E0,
380234,3.802 ms,SPI,MOSI data,MOSI data,07,
380490,3.805 ms,SPI,MOSI data,MOSI data,E0,
380746,3.807 ms,SPI,MOSI data,MOSI data,07,
381002,3.810 ms,SPI,MOSI data,MOSI data,E0,
381258,3.813 ms,SPI,MOSI data,MOSI data,07,
381514,3.815 ms,SPI,MOSI data,MOSI data,E0,
381770,3.818 ms,SPI,MOSI data,MOSI data,07,
382026,3.820 ms,SPI,MOSI data,MOSI data,E0,
382282,3.823 ms,SPI,MOSI data,MOSI data,07,
382538,3.825 ms,SPI,MOSI data,MOSI data,E0,
382794,3.828 ms,SPI,MOSI data,MOSI data,07,
383050,3.831 ms,SPI,MOSI data,MOSI data,E0,
383306,3.833 ms,SPI,MOSI data,MOSI data,07,
383562,3.836 ms,SPI,MOSI data,MOSI data,E0,
383818,3.838 ms,SPI,MOSI data,MOSI data,07,
384074,3.841 ms,SPI,MOSI data,MOSI data,E0,
384330,3.843 ms,SPI,MOSI data,MOSI data,07,
384586,3.846 ms,SPI,MOSI data,MOSI data,E0,
384842,3.848 ms,SPI,MOSI data,MOSI data,07,
385098,3.851 ms,SPI,MOSI data,MOSI data,E0,
385354,3.854 ms,SPI,MOSI data,MOSI data,07,
385610,3.856 ms,SPI,MOSI data,MOSI data,E0,
385866,3.859 ms,SPI,MOSI data,MOSI data,07,
386122,3.861 ms,SPI,MOSI data,MOSI data,E0,
386378,3.864 ms,SPI,MOSI data,MOSI data,07,
386634,3.866 ms,SPI,MOSI data,MOSI data,E0,
386890,3.869 ms,SPI,MOSI data,MOSI data,07,
387146,3.871 ms,SPI,MOSI data,MOSI data,E0,
387402,3.874 ms,SPI,MOSI data,MOSI data,07,
387658,3.877 ms,SPI,MOSI data,MOSI data,E0,
387914,3.879 ms,SPI,MOSI data,MOSI data,07,
388170,3.882 ms,SPI,MOSI data,MOSI data,E0,
388426,3.884 ms,SPI,MOSI data,MOSI data,07,
388682,3.887 ms,SPI,MOSI data,MOSI data,E0,
388938,3.889 ms,SPI,MOSI data,MOSI data,07,
389194,3.892 ms,SPI,MOSI data,MOSI data,E0,
389450,3.894 ms,SPI,MOSI data,MOSI data,07,
389706,3.897 ms,SPI,MOSI data,MOSI data,E0,
389962,3.900 ms,SPI,MOSI data,MOSI data,07,
390218,3.902 ms,SPI,MOSI data,MOSI data,E0,
390474,3.905 ms,SPI,MOSI data,MOSI data,07,
390730,3.907 ms,SPI,MOSI data,MOSI data,E0,
390986,3.910 ms,SPI,MOSI data,MOSI data,07,
391242,3.912 ms,SPI,MOSI data,MOSI data,E0,
391498,3.915 ms,SPI,MOSI data,MOSI data,07,
391754,3.918 ms,SPI,MOSI data,MOSI data,E0,
392010,3.920 ms,SPI,MOSI data,MOSI data,07,
392266,3.923 ms,SPI,MOSI data,MOSI data,E0,
392522,3.925 ms,SPI,MOSI data,MOSI data,07,
392778,3.928 ms,SPI,MOSI data,MOSI data,E0,
393034,3.930 ms,SPI,MOSI data,MOSI data,07,
393290,3.933 ms,SPI,MOSI data,MOSI data,E0,
393546,3.935 ms,SPI,MOSI data,MOSI data,07,
393802,3.938 ms,SPI,MOSI data,MOSI data,E0,
394058,3.941 ms,SPI,MOSI data,MOSI data,07,
394314,3.943 ms,SPI,MOSI data,MOSI data,E0,
394570,3.946 ms,SPI,MOSI data,MOSI data,07,
394826,3.948 ms,SPI,MOSI data,MOSI data,E0,
395082,3.951 ms,SPI,MOSI data,MOSI data,07,
395338,3.953 ms,SPI,MOSI data,MOSI data,E0,
